Apple 아이폰 13 256GB [자급제],"1,180,000원",https://cr.shopping.naver.com/adcr.nhn?x=Iw7vgFL3wGhTqNWhUvqRgP%2F%2F%2Fw%3D%3DsIABIe0vnySmltRgkdGWcrbpQ1Q4D7%2BVlwz0a5mnNpLxhJz9H0Ub4KLvuVTVtNMxMR1JTUqC3YasEyWxZbtUGON1Xs1hpPKZLfR7b0SHXrfbQZGPyMZ6esCpdzLQ4TybrlJyub5fqiTC3j2tkvIOEgci30QtKP1mA7BYZPpxeJLexWvZfe2todmJfmpbNrXnqXKJBKazWTMr3TF%2BX7oeAGbix7jXt7MNVc9AIu4EfDZlNEwRr%2B3STfYHGn%2FB5b3e4h969bC1i6%2Fw7CfmI0GVqP9FDr%2B0gwF5FERDGjQpuIhpD4P%2Bj2CVvS6QkrpszyaIoCuwrUM2Vi5bq9fxYHuPhKfK7Vt0yGUWfzDmW94XqqqC3LMiqJHxZvptV73XinxmhDG4evy%2BM13j64UYOnhTyGURBSkVWpyFhCT1DprjDVs18xFiiHki%2FIAhpKNJriFwEpOVXrumE0IYWoVbuYGHPlfGaapYga7HBhJBzvlCStfjlE80KNwbfNxekQsGJejRksTXhzeKkynwlV5iG42bUw6gMcpi0H6C%2Fu92AYvc4BXxJWUy9fvMzT%2B%2BEep6CmbqktpPgQUBBobxKZazoVaQIhua5sTczsMknn9EibrFIquZn7P0hYGdDSaT5Rj4DdnNEHRyPBWbUFRhWScTsgQynPg%3D%3D&nvMid=29029192591&catId=50001519
Apple 아이폰 13 미니 128GB [자급제],"681,540원",https://cr.shopping.naver.com/adcr.nhn?x=xNTHJibuGyL4JQRLyRjyGf%2F%2F%2Fw%3D%3DsGIoHXVzF%2BqLzNXWtFmYnzdeRER6N3X5wiRptIyGSyb1hJz9H0Ub4KLvuVTVtNMxMEivh6NkXa8aU52lOy7DAXd1Xs1hpPKZLfR7b0SHXrfbQZGPyMZ6esCpdzLQ4TybrlJyub5fqiTC3j2tkvIOEgci30QtKP1mA7BYZPpxeJLexWvZfe2todmJfmpbNrXnq2drsUEzev9hA0cDt%2BuxFM7ix7jXt7MNVc9AIu4EfDZlNEwRr%2B3STfYHGn%2FB5b3e4h969bC1i6%2Fw7CfmI0GVqP9FDr%2B0gwF5FERDGjQpuIhpD4P%2Bj2CVvS6QkrpszyaIoCuwrUM2Vi5bq9fxYHuPhKZCHiYfXqC%2BDgRerS9ckFHCETbkgJPZl47VcC%2B1OT7zVDG4evy%2BM13j64UYOnhTyGXDoSyjnq9m4b2Ccway%2BlHUGVJjQOIMS03m13YAnzFDQpOVXrumE0IYWoVbuYGHPlV4nVlpZlOp63ers57eQ7reSk2%2FG7h%2BXND%2B0hmw7cZaHhOBUHb0ZqO6MTkr8MsJnISbEiPm2eiTRFGA0zDmGQ7tPag3kL%2F7l2U9z5ePCmsLVEs8cFUTVf2EXpmSuc9bAhI%2B76mA%2FZkNMjtqBUbYs0dtxsiGeHNNP%2FFK%2BqsocGKBcQdAiJdwXirBRdnaxfvrBbw%3D%3D&nvMid=29030650586&catId=50001519
Apple 아이폰 13 프로 128GB [자급제],"1,268,000원",https://cr.shopping.naver.com/adcr.nhn?x=0YcKoLTlKfMVuSzaURc2N%2F%2F%2F%2Fw%3D%3DsgN8BxqiR8tOONAh7bxhCAvN6fWCsyvyUANuNMxJcPHsbsBKbbjTB%2BBCjsLv6tz%2BjHrkrzWzmKgw9CVAokBHphT0kfykD7MP%2Bp3Y5I2EWsebLy0oZxes9FVOT8P6NSSMcXLDXhxOlC%2BLPEt5wtKzRaUgAn8lD2%2BxrgblrBqYwPdWug%2B9sjA7rHdeMLkY%2BwIMU07oJ3o0uS6qCsqzVDCUSCzQZD6UDT51Dg8nNb9lI8fV%2BFLPJmN7kd5F0maTGsL0cOJuaGgyA21MqEgnMMhKaHmz8eMaoXg1LqI0BknFRRY%2FIt9ELSj9ZgOwWGT6cXiS3NUJnit2TyE8yh3GxJ0fiPOzfRnl4FvgVSK5vCxr6Te0JrcLI635YGINAc8BGaF7YV36ogsAbT2GMBHUreotiQBx%2Bf%2F60zyjfL3TxK1tO%2BjhWUVDx30qyvP0UOpisTKVMBHNOS04mwbf2sLSii8Aqp5Oqo4P%2Fvtch20ezpv9dvrR56ceIBGbBo2QSUgg8Ei2wJQ7%2B%2B64EKB%2FCwjrIJoRho4XoysiikCT6LGJBRVNoil6FGVGigJH2TiPvKM%2Fh5FUVDWrhHEcp0p%2F%2FKKziu53PdGCbVsIjh%2FEMcNNDo39qQQK4CTth7r5Fdh5B0Zqnfq3XhWw3%2BIByOa0jCVNQVnCDoA%3D%3D&nvMid=29030420587&catId=50001519
Apple 아이폰 13 프로 256GB [자급제],"1,405,500원",https://cr.shopping.naver.com/adcr.nhn?x=EQevuQSjN1xA16Rz0GOWe%2F%2F%2F%2Fw%3D%3DsxRV5KR%2BRDfyE4fWC%2FJ%2B1w8sbocj0u%2BKaHvGJ16O68wRWQE1WikGGRjsm7ORTamZ7m31HJ1JZwDiFlMdZn4pAxMrD5PZNTgAdnn8O8odeRPhfC2dEGQF72bW1kvWo0M9OKraXNl7SkD9OzEbYsp0WbkPg%2F6PYJW9LpCSumzPJoiiI9aZyW4hhCgmcrsQhWGWGObEszBFb2RlRYVOgd6veGfKAXVfyDB1yTbVYYpYzcFnUHxlEatbmVq7jmztE%2Fyws1oGpW9xSjjjvfcQoVO3iF93TsFveeOmtTPCr2EK%2FZ7DDpmNu2Rs3tEPrV0ZTODsbWqyaFa2xLbpwGCJChqMDqlMvjDdm4KAffAgDCmPPIhAhIW%2Fufm4Ai1g%2Bbn5o8FWgvX82Y5Ils9cLeBDu1LyZB8GX80wggxKey1RrDrPPeXigIX25kXOk%2FUPdTKqFSCOqDgcKWP7TrEwfWP0fV1BFe6kejIh2uruhzM%2FsWRISN2XPxSH%2BMhjwnhZYEHfltYfSuwP9L0j7YvHB2OKNn2rLcLoIgndaGfxSouzoVPoKzhEcLsSU7LKQLkrcy0jjc8Y4%2BgtF15PMkmjkNDmi88yMRU0prFEcp0ItDJMqe8Ha0E1jtEEnHZo%2B%2FVuCJHvsmHjrDVCYCaeglF2rgr1u2OQIzQ%3D%3D&nvMid=29030492586&catId=50001519
Apple 아이폰 13 128GB [자급제],"1,045,000원",https://cr.shopping.naver.com/adcr.nhn?x=YGgQxN%2BQNrI1VWYQUFkGuP%2F%2F%2Fw%3D%3Ds5euZqgLkWGeVkCeS1xL%2B0pDz1snn0JBRso%2FhkSrC2fdhJz9H0Ub4KLvuVTVtNMxMc%2BQrJwebwwpINj8zSJV8Nd1Xs1hpPKZLfR7b0SHXrfbQZGPyMZ6esCpdzLQ4TybrlJyub5fqiTC3j2tkvIOEgci30QtKP1mA7BYZPpxeJLexWvZfe2todmJfmpbNrXnqNGdmVqT0qJ11casXr%2FJUjrix7jXt7MNVc9AIu4EfDZlNEwRr%2B3STfYHGn%2FB5b3e4h969bC1i6%2Fw7CfmI0GVqP9FDr%2B0gwF5FERDGjQpuIhpD4P%2Bj2CVvS6QkrpszyaIoCuwrUM2Vi5bq9fxYHuPhKTmTbHW4ui7DnVosuD1ALIvaZ26YEavWj3zuWlzCQ%2FcIDG4evy%2BM13j64UYOnhTyGUWT2NvQs%2FX1yLTp9dGdOIV6K503jBTFiO%2BslOwbxo4OpOVXrumE0IYWoVbuYGHPlVK8ah%2BH%2FSVEtTGagRY6auDlE80KNwbfNxekQsGJejRksTXhzeKkynwlV5iG42bUw2m56z0nOWj4gOo6cNylnNMNeG0S87itx3fSLuKct4yKB%2FCJVtjRZrSQoTus1H9DXDOZ57vmOOmQTT1xOxSM9j9Xc50eBITwugSNPH3Ok09sVpGw61BSdoQRvEGgfFlc5w%3D%3D&nvMid=29030374587&catId=50001519
Apple 아이폰 13 미니 256GB [자급제],"1,046,727원",https://cr.shopping.naver.com/adcr.nhn?x=WN7zposeHp5fz3Psg6Z2vP%2F%2F%2Fw%3D%3Dsi6wutGIkB2CCUKZFsgvwZsVf51U2qX53l%2F%2Bq644Q%2Fn1hJz9H0Ub4KLvuVTVtNMxM88Q3N%2BWcyPK7%2BDZ58lmDJN1Xs1hpPKZLfR7b0SHXrfbQZGPyMZ6esCpdzLQ4TybrlJyub5fqiTC3j2tkvIOEgci30QtKP1mA7BYZPpxeJLexWvZfe2todmJfmpbNrXnq057%2FmlbCMWUqQYtn8CmoI7ix7jXt7MNVc9AIu4EfDZlNEwRr%2B3STfYHGn%2FB5b3e4h969bC1i6%2Fw7CfmI0GVqP9FDr%2B0gwF5FERDGjQpuIhpD4P%2Bj2CVvS6QkrpszyaIoCuwrUM2Vi5bq9fxYHuPhKescHx6KaRw66f5Q4XpF2MeY426XIyBogtnvkmhm6JkRDG4evy%2BM13j64UYOnhTyGeH5%2B4rxgmX%2FD3ltK0qBggLcEUMk%2BYg0ZV3bZSl4pTyypOVXrumE0IYWoVbuYGHPlV4nVlpZlOp63ers57eQ7rfG206zoTJkKRJKeFBLcypkhOBUHb0ZqO6MTkr8MsJnIffoALpqJS1Sc%2BQX7kdtQVA%2Fiy6rtbO%2BafzfeyshvVB5EaThcwm2jOjlPe7qD4n465%2FAPbI78AmLM9UG8Lb%2F1ZvigtrpfLksrDZkMiV82771HRyPBWbUFRhWScTsgQynPg%3D%3D&nvMid=29030437590&catId=50001519
Apple 아이폰 13 프로 맥스 256GB [자급제],"1,538,500원",https://cr.shopping.naver.com/adcr.nhn?x=Yc%2FyAJfCXw%2BNwNK%2B5hNFuf%2F%2F%2Fw%3D%3DsGTH5bRo6KcNK8ey81VD9OlQ061PqVkPit1GP3HoWssJhJz9H0Ub4KLvuVTVtNMxMfHsAwiuYSRVTQJ9sIWqsEN1Xs1hpPKZLfR7b0SHXrfbQZGPyMZ6esCpdzLQ4TybrlJyub5fqiTC3j2tkvIOEgci30QtKP1mA7BYZPpxeJLexWvZfe2todmJfmpbNrXnqiTiHgV17tngZX6ODLdebGbix7jXt7MNVc9AIu4EfDZlNEwRr%2B3STfYHGn%2FB5b3e4h969bC1i6%2Fw7CfmI0GVqP9FDr%2B0gwF5FERDGjQpuIhpD4P%2Bj2CVvS6QkrpszyaIoCuwrUM2Vi5bq9fxYHuPhKXzS25%2BAM4nGFfgzBTUcSnLf3INR5QTi2O%2BTTSTIXCDfDG4evy%2BM13j64UYOnhTyGTg05PdtJwqKZ7rs%2FfbStxDdcKGS8K3v9HOi3wvF0LzmpOVXrumE0IYWoVbuYGHPlT4OngYKgyg9ZO2oWjkSR%2BomEOROC%2Fwc2uGH3Ju5rti0IuR0q84YQjjFrl3Wcbxl75PS%2Bq7dEjlbFLHORMpRnZWuxCp5vjOiwn8AkIPefzqyoWGf4SP5DfOI3upP%2Fm38l4mk%2Ff%2Bg5tlHg02iMDwXie1rKxBuQ9r0EMuiv5MxZg4VxyAhEKTy%2B0Zvtn8oYxIR0Q%3D%3D&nvMid=29030294588&catId=50001519
Apple 아이폰 13 프로 맥스 128GB [자급제],"1,405,500원",https://cr.shopping.naver.com/adcr.nhn?x=NSNW1bpU1vCkFrRAsOVXUP%2F%2F%2Fw%3D%3DsxpaSsVDIVKXCq2ko7rfY770Obt%2BXc1X8SGT57akvvLEXfmlaZeQqomjdtI9e3qsmDyjjReP6VnzChJ4fgSpW%2BFewEC4UiIgpslPWZsLFF1XyE8HykKr9rZn8yirNXw3V246QiJoUpMhaNHHbW%2Fpn5sOmY27ZGze0Q%2BtXRlM4OxtFSICBvI1ATDFN58yC%2Fe2xnzMSHa%2BW6u3lqCs5oyAeEMdAmfSN83ChOoIPfneWzCavS7fnn7TEzbGYEdK0StlzbuXgT8QBCnBu1kqifsOJ9ffW%2FvVcS0qMPF2%2BnqVB9DGAbCY81f975eS5nfR25FBiP83WAv8GAIoQ0MwLPWeb%2FWYY4vs2znj2Sy8PEb4Eap9qLzcRVswO%2FNXTrA15l4GNbF4OZVL2Q%2FcwuxYvViSTh%2Brtiy45jQlsFks%2B8iiFnR%2BcPfwzF9ktWcxdrcTtO8KUh7eRXhvx%2B18MP%2FzLgC0qJVOBpL3kKBeNwNuOk45o3IVBtWA3bgrCJTVPNVLYJDvay%2F5xiDZEmKfndsQAGO1A54Q%2FCbBHICgrp5QAK1QkJRajF5wsCPDlIhMHb8G0G8vZYnHIcETcJifOE8sb44IMxffL%2BvbyCdRexKTGeUmxb%2BXlBSnqQeCZTLv63AAXunkqgqgOvq6z5EpEI5N2xav1Mg%3D%3D&nvMid=29030367587&catId=50001519
Apple 아이폰 13 프로 512GB [자급제],"1,662,000원",https://cr.shopping.naver.com/adcr.nhn?x=tdoNgop%2BG3ysMbPjBxghdf%2F%2F%2Fw%3D%3DsIqKmnHjlBMFcPDc0Vm77bf2682f3Nnf56K2lTQseaFQbsBKbbjTB%2BBCjsLv6tz%2Bj%2BW5%2FQt7K8ZH9BI3GiNnR4kMx%2BsOTrF9ODoSv6oJAvpTLy0oZxes9FVOT8P6NSSMcXLDXhxOlC%2BLPEt5wtKzRaUgAn8lD2%2BxrgblrBqYwPdWug%2B9sjA7rHdeMLkY%2BwIMU%2F7r9owRKQwA1obAu19o%2FvDQZD6UDT51Dg8nNb9lI8fV%2BFLPJmN7kd5F0maTGsL0cOJuaGgyA21MqEgnMMhKaHmz8eMaoXg1LqI0BknFRRY%2FIt9ELSj9ZgOwWGT6cXiS3NUJnit2TyE8yh3GxJ0fiPNyO2jhpg%2FyJwAQU9jYstxmerkce7eUtUJTSKnzMkCn8V36ogsAbT2GMBHUreotiQNB%2FhcasneoaBRELIrrDSXal6GJAbDWzuzLhfeS0GejzBHNOS04mwbf2sLSii8Aqp5Oqo4P%2Fvtch20ezpv9dvrROfjCoJJghpQUM4kflSgLMJQ7%2B%2B64EKB%2FCwjrIJoRho4XoysiikCT6LGJBRVNoil4IHbBCkugvG4GmAoQqu1p6DWrhHEcp0p%2F%2FKKziu53PdNFJAMJ6G4klARGYTL9LttmhVheBPtq7JQAHh3%2BxELLohWw3%2BIByOa0jCVNQVnCDoA%3D%3D&nvMid=29030416587&catId=50001519
Apple 아이폰 13 미니 512GB [자급제],"1,306,008원",https://cr.shopping.naver.com/adcr.nhn?x=lrvEC9w68jD5G7gk28SsXf%2F%2F%2Fw%3D%3Ds14ILcXe87Hvnd2%2FsOf2Ae6mkJ6NfCTcu4%2FvMklG6NjphJz9H0Ub4KLvuVTVtNMxMBKSJNardPK%2B53bCikhuPCN1Xs1hpPKZLfR7b0SHXrfbQZGPyMZ6esCpdzLQ4TybrlJyub5fqiTC3j2tkvIOEgci30QtKP1mA7BYZPpxeJLexWvZfe2todmJfmpbNrXnqsbuGkiliGuKFQrhO3KCkYbix7jXt7MNVc9AIu4EfDZlNEwRr%2B3STfYHGn%2FB5b3e4h969bC1i6%2Fw7CfmI0GVqP9FDr%2B0gwF5FERDGjQpuIhpD4P%2Bj2CVvS6QkrpszyaIoCuwrUM2Vi5bq9fxYHuPhKWDEYKeqzKnyw%2F4YJ0knrYo392hodERIV8lDegSHYRmlDG4evy%2BM13j64UYOnhTyGeYipIg4GgIIEEx2vgG55OR6K503jBTFiO%2BslOwbxo4OpOVXrumE0IYWoVbuYGHPlV4nVlpZlOp63ers57eQ7rdWfyGhvOKhC5sogwlOWguqhOBUHb0ZqO6MTkr8MsJnIbm93U%2FLd21hbDHZ%2FkgN%2BYlpParTZJwpmUpDkyq6XvvBEaThcwm2jOjlPe7qD4n464C1GbLIFYs7bM62%2BnHUytaxzz%2B1FZ3FdFUpffToWCNhgqgOvq6z5EpEI5N2xav1Mg%3D%3D&nvMid=29030296587&catId=50001519
Apple 아이폰 13 프로 맥스 512GB [자급제],"1,795,000원",https://cr.shopping.naver.com/adcr.nhn?x=JbeBz7nFZnygdcVxEYoZJ%2F%2F%2F%2Fw%3D%3DsqeDnqidQiidUCGuMrs6n5Srl%2Bj5q2ACwx8MYynIn4c9hJz9H0Ub4KLvuVTVtNMxMNZAdBaM73KdqMrkt9flmWt1Xs1hpPKZLfR7b0SHXrfbQZGPyMZ6esCpdzLQ4TybrlJyub5fqiTC3j2tkvIOEgci30QtKP1mA7BYZPpxeJLexWvZfe2todmJfmpbNrXnqmD3tRrdK1cFWEMxpF2wcAbix7jXt7MNVc9AIu4EfDZlNEwRr%2B3STfYHGn%2FB5b3e4h969bC1i6%2Fw7CfmI0GVqP9FDr%2B0gwF5FERDGjQpuIhpD4P%2Bj2CVvS6QkrpszyaIoCuwrUM2Vi5bq9fxYHuPhKR%2Fw%2BcIntxOfAqpyAnkFXKgYFjPl6WSY7isluu1jW1CYDG4evy%2BM13j64UYOnhTyGftHLjvFm4JZSt2I03JvIhMGVJjQOIMS03m13YAnzFDQpOVXrumE0IYWoVbuYGHPlT4OngYKgyg9ZO2oWjkSR%2BpKd97yu7c%2FbQz1Lu72LwvUIuR0q84YQjjFrl3Wcbxl75PS%2Bq7dEjlbFLHORMpRnZWKFNFVwWvGYzWU0Yem9rhHoWGf4SP5DfOI3upP%2Fm38l8rmy1cPfrEfWAwy1fO3Nn%2BLcvfsPz4U9yPxzhsU%2B5IpxyAhEKTy%2B0Zvtn8oYxIR0Q%3D%3D&nvMid=29029192586&catId=50001519
Apple 아이폰 13 프로 1TB [자급제],"1,918,500원",https://cr.shopping.naver.com/adcr.nhn?x=AgddI0aOrG5exkEJ8VLDZv%2F%2F%2Fw%3D%3DsOZEhyGlkKr%2F%2Bwd%2BpMO3%2FyeFspVPYqX0t88YZymX8XhRhJz9H0Ub4KLvuVTVtNMxMRZ3plUcf2xMQlbedil33md1Xs1hpPKZLfR7b0SHXrfbQZGPyMZ6esCpdzLQ4TybrlJyub5fqiTC3j2tkvIOEgci30QtKP1mA7BYZPpxeJLexWvZfe2todmJfmpbNrXnqM3WLqq0EN7lRPuVNhhc%2BTLix7jXt7MNVc9AIu4EfDZlNEwRr%2B3STfYHGn%2FB5b3e4h969bC1i6%2Fw7CfmI0GVqP9FDr%2B0gwF5FERDGjQpuIhpD4P%2Bj2CVvS6QkrpszyaIoCuwrUM2Vi5bq9fxYHuPhKYTSfrAhLLMfkw0eXcgnkiX%2FRRmyfBwxlUgay2JOLGMrDG4evy%2BM13j64UYOnhTyGftHLjvFm4JZSt2I03JvIhPdcKGS8K3v9HOi3wvF0LzmpOVXrumE0IYWoVbuYGHPlT4OngYKgyg9ZO2oWjkSR%2Bo%2FPj2tyPie5WFGVZwWrShn8jR8gVF8FlQ9pItE8Zzc8kDcOTltB%2BSxWBB9IUfXZmpddYTeHGUwpMsIrkXvvwRQjr%2Fvhuz%2FM2bOeEg7k3nONT9eMK%2FmWFshW7EGBMeNouOXPfLkMxHc5Th%2BcFMW%2FMiAQdAiJdwXirBRdnaxfvrBbw%3D%3D&nvMid=29029192588&catId=50001519
Apple 아이폰 13 프로 맥스 1TB [자급제],"2,051,500원",https://cr.shopping.naver.com/adcr.nhn?x=efL43zTvd%2FaWQHBPf%2BStqv%2F%2F%2Fw%3D%3Ds1lfu5PLuVNnQEaJf1qkkbQkuqmZwLEA1NJZBiFaAS5hhJz9H0Ub4KLvuVTVtNMxMFQuipcY3Oo89wYqugMuDe91Xs1hpPKZLfR7b0SHXrfbQZGPyMZ6esCpdzLQ4TybrlJyub5fqiTC3j2tkvIOEgci30QtKP1mA7BYZPpxeJLexWvZfe2todmJfmpbNrXnqArgGaDBKbEfnwAwTC02FZ7ix7jXt7MNVc9AIu4EfDZlNEwRr%2B3STfYHGn%2FB5b3e4h969bC1i6%2Fw7CfmI0GVqP9FDr%2B0gwF5FERDGjQpuIhpD4P%2Bj2CVvS6QkrpszyaIoCuwrUM2Vi5bq9fxYHuPhKV2DMX0kaWAdNTjHdxeOh7E392hodERIV8lDegSHYRmlDG4evy%2BM13j64UYOnhTyGURBSkVWpyFhCT1DprjDVs3cEUMk%2BYg0ZV3bZSl4pTyypOVXrumE0IYWoVbuYGHPlT4OngYKgyg9ZO2oWjkSR%2BqtKLnnC02xBm8wXg3u8BRTQ%2F5BTDuLO7E8eLG3O1110L2joxsTLXUmX9Jy9y68R2womQa22PBYd2BJfdUGuqhFT8AlxSYkXaLH96LNyv1p9bAnI%2Bo2W8lscCFqC8b81%2FWdvVoTlD5u%2BFwLei2Xyp5nzY6of2Xpggjm6A4Z8HgJhg%3D%3D&nvMid=29029192590&catId=50001519
Apple 아이폰 13 512GB [자급제],"1,419,000원",https://cr.shopping.naver.com/adcr.nhn?x=VUrczUI7LXZxm85zCr5fFP%2F%2F%2Fw%3D%3DsnnyJfP%2B3950E01PERtBhuX73aPROpL6lS%2FZYEFe7dkcbsBKbbjTB%2BBCjsLv6tz%2Bj41zNoqyWwPsaT1GH4t%2Basjb7d5XRzJyQISPKtEHGRFbLy0oZxes9FVOT8P6NSSMcXLDXhxOlC%2BLPEt5wtKzRaUgAn8lD2%2BxrgblrBqYwPdWug%2B9sjA7rHdeMLkY%2BwIMUMitlUrK3fytmuS7rXutm0DQZD6UDT51Dg8nNb9lI8fV%2BFLPJmN7kd5F0maTGsL0cOJuaGgyA21MqEgnMMhKaHmz8eMaoXg1LqI0BknFRRY%2FIt9ELSj9ZgOwWGT6cXiS3NUJnit2TyE8yh3GxJ0fiPNxeM%2FGanJ%2B9tMz9Q6BB1an%2Fs8E6gtC7%2Bq3Rm3isHgJcV36ogsAbT2GMBHUreotiQP1jC88X5KrJn1y1ab0IuGvKwkSgEkwBj9gQbvLb63cIBHNOS04mwbf2sLSii8AqpyTX%2FLHMPTcpY6ywQ4CkefcN%2FOXq06xFLlMCwNDQObjPLcqEhOiscytOptfh0D9%2BAse%2BYTccwYxHSPdMoCAdzieb9f49ZDRQXk%2BTL8h%2FBXm3v4YGjJCSIW1IvBxXT1wG95%2Fmn%2FezZunvcjb4WiXZs0xvU2Y6hEEwGxc1AZfON9sL4VRAH%2BsMDObarUodGweR8Q%3D%3D&nvMid=29030496586&catId=50001519
Apple 아이폰 13 프로 128GB [LG U+],"633,000원",https://cr.shopping.naver.com/adcr.nhn?x=0NTo%2B3Fjf2HH85R8%2BZYGj%2F%2F%2F%2Fw%3D%3Dsby7vnfGAsnrkjde1Wsj1WZjyUG7ePLjwKJ%2B90KUkYxUbsBKbbjTB%2BBCjsLv6tz%2BjGJLrULiWaBQngrO6QpoATrP3didIlgf1ONa0lzSMU7bLy0oZxes9FVOT8P6NSSMcXLDXhxOlC%2BLPEt5wtKzRaUgAn8lD2%2BxrgblrBqYwPdWug%2B9sjA7rHdeMLkY%2BwIMUAcBTqEozy4pkQ0spRQIsFTQZD6UDT51Dg8nNb9lI8fV%2BFLPJmN7kd5F0maTGsL0cOJuaGgyA21MqEgnMMhKaHmz8eMaoXg1LqI0BknFRRY%2FIt9ELSj9ZgOwWGT6cXiS3NUJnit2TyE8yh3GxJ0fiPOMv0QvWaxId23uuh0eQRCvNLBjyN3V8gkxoHNTNgRsVV36ogsAbT2GMBHUreotiQOb7T2xFuh8SBE5B8r8zWcNyKaL5CAkTBUhWXdKgfR0gBHNOS04mwbf2sLSii8Aqp5Oqo4P%2Fvtch20ezpv9dvrSXFkGRdxnfJx8VHwzQNT%2F9o64ifB9DVeZ8ffla9GlFdrs4%2BiYqW8CHo4CrLULyf8iDJTVwNdFreEf%2BQuTieBNsjr%2Fvhuz%2FM2bOeEg7k3nONaZRGIPohrM8qLLrPx2RdxnVi9IRtsCmQ8IfpnxrV0SHQdAiJdwXirBRdnaxfvrBbw%3D%3D&nvMid=29030175590&catId=50000248
Apple 아이폰 13 미니 256GB [LG U+],"129,000원",https://cr.shopping.naver.com/adcr.nhn?x=ftmcMPsWVCeIDSHG8Lzjrf%2F%2F%2Fw%3D%3Ds5RpDiOnI3Xw8AHPWpNQmb43mH0KOD4jhJMiKarmtxBRhJz9H0Ub4KLvuVTVtNMxMbwA6t5%2BALshWGc7b5EE%2B891Xs1hpPKZLfR7b0SHXrfbQZGPyMZ6esCpdzLQ4TybrlJyub5fqiTC3j2tkvIOEgci30QtKP1mA7BYZPpxeJLexWvZfe2todmJfmpbNrXnq7r8%2BMjx%2B1KQXJkem2XwtE7ix7jXt7MNVc9AIu4EfDZlNEwRr%2B3STfYHGn%2FB5b3e4h969bC1i6%2Fw7CfmI0GVqP9FDr%2B0gwF5FERDGjQpuIhpD4P%2Bj2CVvS6QkrpszyaIoCuwrUM2Vi5bq9fxYHuPhKdnctFfC8zaErOCVxyj7GBhhwObKukac%2FPM1Y1Xw4I8xnuI%2B1Uju%2BRLjWLfBBmiitNtGoAKMgW3iGzEfYt9UdmtKI194O3yVGRkTAKu5NZTnpOVXrumE0IYWoVbuYGHPlV4nVlpZlOp63ers57eQ7rfKu8lNHMUv5FO70BFiZvG%2BXGfKYExq7uG4FGIUYcPNsak%2B9le%2BRDhEbeC9%2FY0iWl4WsJcrMMiY2DDEaMqrHxvDezdPirNIEhU3YcDKwV2g5LIZ3htPr%2FZGd%2BWyqWhICatvU2Y6hEEwGxc1AZfON9sL4VRAH%2BsMDObarUodGweR8Q%3D%3D&nvMid=29030376589&catId=50000248
Apple 아이폰 13 미니 128GB [LG U+],100원,https://cr.shopping.naver.com/adcr.nhn?x=Q%2FDIlyVz5o6%2FT2B8OuRnWP%2F%2F%2Fw%3D%3DsANYDyEYNuuUcxcO0LOFzgp9Wo0tz2ROQu2ntOunKwYwbsBKbbjTB%2BBCjsLv6tz%2BjV3i6AV%2BWf2EX7ZeKpkxJmrxhJT96Kj17GKjg7rVWi9HLy0oZxes9FVOT8P6NSSMcXLDXhxOlC%2BLPEt5wtKzRaUgAn8lD2%2BxrgblrBqYwPdWug%2B9sjA7rHdeMLkY%2BwIMU7xzpl%2BlOYhq%2F8o1%2FuLVZdjQZD6UDT51Dg8nNb9lI8fV%2BFLPJmN7kd5F0maTGsL0cOJuaGgyA21MqEgnMMhKaHmz8eMaoXg1LqI0BknFRRY%2FIt9ELSj9ZgOwWGT6cXiS3NUJnit2TyE8yh3GxJ0fiPHVRjD6Jc56Sqq4sXjmabnzbNcWZ0uaAn2mI53CqJsBdV36ogsAbT2GMBHUreotiQI0xa6%2By9CPRY0ja3t718wBkBDlwveKs9AQf1GpKXLhlBHNOS04mwbf2sLSii8Aqp5QK0GC9q1JIUUXqyu366aWLxOxoUcYuPeuOY5%2BIgVHPo64ifB9DVeZ8ffla9GlFdpteIdByTu0TEhxA6NBFcBEFbx2FRbcLQvKSdnWaxe8PezdPirNIEhU3YcDKwV2g5KUz9fv%2Bq45M06BLuUWcxzJvU2Y6hEEwGxc1AZfON9sL4VRAH%2BsMDObarUodGweR8Q%3D%3D&nvMid=29030431586&catId=50000248
Apple 아이폰 13 프로 256GB [LG U+],"765,000원",https://cr.shopping.naver.com/adcr.nhn?x=4Oheeh6Qpd01uuZLt6vEu%2F%2F%2F%2Fw%3D%3DsoF1%2Bds2Fx4hJLMxQdawzOULFe7Nj4MgnfMKUiUD51csbsBKbbjTB%2BBCjsLv6tz%2BjnVWhDzKAAEJbDfwXIh1bSvb4uxUmg1QmOyHALJimYcTLy0oZxes9FVOT8P6NSSMcXLDXhxOlC%2BLPEt5wtKzRaUgAn8lD2%2BxrgblrBqYwPdWug%2B9sjA7rHdeMLkY%2BwIMUMJUr%2Fr5heP7x50dYzAAW6TQZD6UDT51Dg8nNb9lI8fV%2BFLPJmN7kd5F0maTGsL0cOJuaGgyA21MqEgnMMhKaHmz8eMaoXg1LqI0BknFRRY%2FIt9ELSj9ZgOwWGT6cXiS3NUJnit2TyE8yh3GxJ0fiPJsd5K6UpMSh2mYRNEPEUIbVW2XQ7fpvjiFN5fpYTl99V36ogsAbT2GMBHUreotiQBCUPI8z5%2FmPcxbCX1d9gHPjJQkc%2FWODDk%2FMZaJ3pFT9BHNOS04mwbf2sLSii8Aqp5Oqo4P%2Fvtch20ezpv9dvrRrYukvO59VrjPTP0VPFuH9o64ifB9DVeZ8ffla9GlFdvNAtjzcQ%2BoG%2FT6QNFxreHt1g9QRfQWZ%2BDIKmVQxa7PIjr%2Fvhuz%2FM2bOeEg7k3nONXNexxX9eXoxxRKH8LASdq%2BBAI%2F9sQRO2Am9a%2BRTB%2Fq9QdAiJdwXirBRdnaxfvrBbw%3D%3D&nvMid=29030415586&catId=50000248
Apple 아이폰 13 128GB [LG U+],"350,000원",https://cr.shopping.naver.com/adcr.nhn?x=jIAMz%2BE9i0s06I9N7pzrRf%2F%2F%2Fw%3D%3DsvnF4w8yo%2BGG3r3TsTlI51ZQk3EJrlHFDQW5hKxcFLFYbsBKbbjTB%2BBCjsLv6tz%2BjDmmX%2FyT%2FxaLlerSvn%2FabPo1DN6nOR%2Bu4BqbBIPTmSwzLy0oZxes9FVOT8P6NSSMcXLDXhxOlC%2BLPEt5wtKzRaUgAn8lD2%2BxrgblrBqYwPdWug%2B9sjA7rHdeMLkY%2BwIMUFmk%2BqOAYZ5fpO5tbZSUWBjQZD6UDT51Dg8nNb9lI8fV%2BFLPJmN7kd5F0maTGsL0cOJuaGgyA21MqEgnMMhKaHmz8eMaoXg1LqI0BknFRRY%2FIt9ELSj9ZgOwWGT6cXiS3NUJnit2TyE8yh3GxJ0fiPDf9oADrKYZ%2BT2jlRTiy1GQrqLOK6qpwm5L1tRNw4WhsV36ogsAbT2GMBHUreotiQGIz0RKbEoNsaEhnvB7EHmj5MGA5PbR7L8Pv%2BuDz8pz2BHNOS04mwbf2sLSii8Aqp0xDOzDDdF6utT1dcI8%2FNEb%2FzaVgfXndF2fkBs0qzZTvfpF8bfclcJjAeddKIqLqoDR9SCqXqGO3VCONgLy43fehYZ%2FhI%2FkN84je6k%2F%2BbfyXsILdU8BfOdzhhW%2F4tS8NXZ7hkccOORqo3%2BQPzQGEtLzHICEQpPL7Rm%2B2fyhjEhHR&nvMid=29030372586&catId=50000248
Apple 아이폰 13 미니 512GB [LG U+],"409,400원",https://cr.shopping.naver.com/adcr.nhn?x=KADsMD4%2BSSXJ1kS%2BYoqL6f%2F%2F%2Fw%3D%3DsbmtMpk%2B74wq1TewxzKWPIP%2FnsauLYSRZeMH4E925ByZWQE1WikGGRjsm7ORTamZ7DX6VswZxTX7wVNAb%2FthzXMrD5PZNTgAdnn8O8odeRPhfC2dEGQF72bW1kvWo0M9OKraXNl7SkD9OzEbYsp0WbkPg%2F6PYJW9LpCSumzPJoiiI9aZyW4hhCgmcrsQhWGWGXCy5AzzvlVMr8iZpAmv1CfKAXVfyDB1yTbVYYpYzcFnUHxlEatbmVq7jmztE%2Fyws1oGpW9xSjjjvfcQoVO3iF93TsFveeOmtTPCr2EK%2FZ7DDpmNu2Rs3tEPrV0ZTODsbWqyaFa2xLbpwGCJChqMDqsDRuK4u7d8AZRThHt4NGOQhIW%2Fufm4Ai1g%2Bbn5o8FWg5HUJqI12Vlp80UoFc6QYePIolEnKzoJlkkPZ6YeUr16gIX25kXOk%2FUPdTKqFSCOqDgcKWP7TrEwfWP0fV1BFey%2Bgusqz4LfhruBMVu%2BMWacEiaNfJtI8%2BWxAc1EGc8qsV5wvSck0MfgYLl2aZJDmmkUOy%2FBnQjnCrd7WKudmko237UkyQoFCNcDVUkGXmRXsd2QIbETrDLOUbSBmEJiApsYPSOaIBnZ9Io9fil8HRRFXc50eBITwugSNPH3Ok09sVpGw61BSdoQRvEGgfFlc5w%3D%3D&nvMid=29030419586&catId=50000248
Apple 아이폰 13 프로 맥스 256GB [LG U+],"932,800원",https://cr.shopping.naver.com/adcr.nhn?x=vOLmbAPz%2F3PJ7Pf8AEwG7%2F%2F%2F%2Fw%3D%3DsFGdoQl7AXmDdCxzjTxhfX2ZpOnLDo2NeO1%2FuWSUUTUMbsBKbbjTB%2BBCjsLv6tz%2Bj9tg4DdoweU2rgA9Aw6DdZxj1CZybHq4TavRK1r9jESvLy0oZxes9FVOT8P6NSSMcXLDXhxOlC%2BLPEt5wtKzRaUgAn8lD2%2BxrgblrBqYwPdWug%2B9sjA7rHdeMLkY%2BwIMU0nYCIitiLlu%2FFmiEv68MvzQZD6UDT51Dg8nNb9lI8fV%2BFLPJmN7kd5F0maTGsL0cOJuaGgyA21MqEgnMMhKaHmz8eMaoXg1LqI0BknFRRY%2FIt9ELSj9ZgOwWGT6cXiS3NUJnit2TyE8yh3GxJ0fiPGCmzEei0oOtfGWnsTvychszaCSYpvjT2DBCoDxv8QyFV36ogsAbT2GMBHUreotiQEBCcLn1OlF4dqMyaWje3PWCkVkEaClGLHiUjF%2BKK7PlBHNOS04mwbf2sLSii8Aqp5Oqo4P%2Fvtch20ezpv9dvrQJt3QJD%2F59Fb8sY0WcQzOQB8isDCIp7Fy0SMDwBEAOF9lI6IaSu7GcmPN0jiI%2F8KC%2Fvo%2F1U9HqB%2BB0uErEVhWOT8AlxSYkXaLH96LNyv1p9S6zeBVuJ%2F1kiunwa7a4AQLvl0cm%2F%2BXQI60qPY4m4euHzY6of2Xpggjm6A4Z8HgJhg%3D%3D&nvMid=29030190586&catId=50000248
Apple 아이폰 13 프로 맥스 128GB [LG U+],"793,900원",https://cr.shopping.naver.com/adcr.nhn?x=j2xxBfiAu8cZCHuvakVZF%2F%2F%2F%2Fw%3D%3DsvEhWP9ezAoMK3%2BchJwAMVA1qmYSnMO2uQPH9%2Bx9L11NWQE1WikGGRjsm7ORTamZ7ciALQM65MwDZ8jYH%2B5JGgsrD5PZNTgAdnn8O8odeRPhfC2dEGQF72bW1kvWo0M9OKraXNl7SkD9OzEbYsp0WbkPg%2F6PYJW9LpCSumzPJoiiI9aZyW4hhCgmcrsQhWGWGxThvsaGr%2Fa3dcgYtXiYoe%2FKAXVfyDB1yTbVYYpYzcFnUHxlEatbmVq7jmztE%2Fyws1oGpW9xSjjjvfcQoVO3iF93TsFveeOmtTPCr2EK%2FZ7DDpmNu2Rs3tEPrV0ZTODsbWqyaFa2xLbpwGCJChqMDqgfdEQf%2F5a9RHycGirwgxLohIW%2Fufm4Ai1g%2Bbn5o8FWg5HUJqI12Vlp80UoFc6QYeFAwQoRgC339I9STwi4QoBCgIX25kXOk%2FUPdTKqFSCOqDgcKWP7TrEwfWP0fV1BFewstxKXYfuaTY89uFKbdXCBnNIpXZ6JpFuXu4mDB8qpphOBUHb0ZqO6MTkr8MsJnIYRnFa3gQRfPn0pBtj5EKzTMNfKz1kmi7ezkB3A3NL9WEs8cFUTVf2EXpmSuc9bAhMxnea4qS7j4ZC63P8bvLDkjhdf1GQcPs8oAEduqg3kuHRyPBWbUFRhWScTsgQynPg%3D%3D&nvMid=29030352586&catId=50000248
Apple 아이폰 13 프로 512GB [LG U+],"1,066,900원",https://cr.shopping.naver.com/adcr.nhn?x=I%2FHaoqaoXTwi0hITP8Xb%2Bf%2F%2F%2Fw%3D%3Ds9sp8U52MRguVecQwUNz4ycgHVSN6BX05zAcuETeYbRthJz9H0Ub4KLvuVTVtNMxMrewHUMOXrcGareM1ztsBed1Xs1hpPKZLfR7b0SHXrfbQZGPyMZ6esCpdzLQ4TybrlJyub5fqiTC3j2tkvIOEgci30QtKP1mA7BYZPpxeJLexWvZfe2todmJfmpbNrXnqIsGCGgJXjOrApw75v82D8rix7jXt7MNVc9AIu4EfDZlNEwRr%2B3STfYHGn%2FB5b3e4h969bC1i6%2Fw7CfmI0GVqP9FDr%2B0gwF5FERDGjQpuIhpD4P%2Bj2CVvS6QkrpszyaIoCuwrUM2Vi5bq9fxYHuPhKSjqf2YnIYBttoGvZTDiqJRPDyGOYzv8nz3HgvPZBl%2BSnuI%2B1Uju%2BRLjWLfBBmiitNPKpneF6pbJPsLid46ddCAGVJjQOIMS03m13YAnzFDQpOVXrumE0IYWoVbuYGHPlT4OngYKgyg9ZO2oWjkSR%2BpBQx2J0IovtSa9qv9oplPOXGfKYExq7uG4FGIUYcPNsSFddoUpMfGNZiUJrPWi2r%2BeR1fMmkOTbNyhV4qBV7SFv4YGjJCSIW1IvBxXT1wG92sNtjay1a3syyjA9wQyp0ZjtEEnHZo%2B%2FVuCJHvsmHjrDVCYCaeglF2rgr1u2OQIzQ%3D%3D&nvMid=29030295586&catId=50000248
Apple 아이폰 13 256GB [LG U+],"502,000원",https://cr.shopping.naver.com/adcr.nhn?x=lXQUBk4M5U4P1kx%2FF%2BAIlP%2F%2F%2Fw%3D%3Ds1ngOcHjya3i%2Bg8pQg3MXF8KsDZEzig%2BoVu0MzFQgD2hhJz9H0Ub4KLvuVTVtNMxMtYw17PCErYmkHFrCfND2pd1Xs1hpPKZLfR7b0SHXrfbQZGPyMZ6esCpdzLQ4TybrlJyub5fqiTC3j2tkvIOEgci30QtKP1mA7BYZPpxeJLexWvZfe2todmJfmpbNrXnqxxsm%2FS7PvYrIy2gc0Hbz67ix7jXt7MNVc9AIu4EfDZlNEwRr%2B3STfYHGn%2FB5b3e4h969bC1i6%2Fw7CfmI0GVqP9FDr%2B0gwF5FERDGjQpuIhpD4P%2Bj2CVvS6QkrpszyaIoCuwrUM2Vi5bq9fxYHuPhKYeUZ%2FdxHqqtJWFaRPBbRi%2B12Do7Z9sYujM2BDocB8FBnuI%2B1Uju%2BRLjWLfBBmiitLmyZeSqqBHMFkutnkb8hqDdcKGS8K3v9HOi3wvF0LzmpOVXrumE0IYWoVbuYGHPlfGaapYga7HBhJBzvlCStfgZyVXP8MBx51PcdtMFtsvBK2ud1b%2BfZwYPU0n%2BzLfOdUGzmd%2BGSX6rv%2Ff2sUsZc6qtqaMHAJkj0DAJXiYJNZCZnekDnZNGRJyFus6YjXMTFO44KA2K0g541kLWUw8g9c1oaKZHilHbuauHUigNM5KA&nvMid=29030189588&catId=50000248
Apple 아이폰 13 512GB [LG U+],"800,800원",https://cr.shopping.naver.com/adcr.nhn?x=A4RrMW10GuJfH30KP%2FR%2FEf%2F%2F%2Fw%3D%3DsMogpuLpcbLo97UAedxgFPI19grgzhtW9ByOvPxwlg%2F9WQE1WikGGRjsm7ORTamZ7He5lhvA%2BgafRNOhA3Vpz9srD5PZNTgAdnn8O8odeRPhfC2dEGQF72bW1kvWo0M9OKraXNl7SkD9OzEbYsp0WbkPg%2F6PYJW9LpCSumzPJoiiI9aZyW4hhCgmcrsQhWGWGX%2B2ylAMx2hZri%2F8qpxunmfKAXVfyDB1yTbVYYpYzcFnUHxlEatbmVq7jmztE%2Fyws1oGpW9xSjjjvfcQoVO3iF93TsFveeOmtTPCr2EK%2FZ7DDpmNu2Rs3tEPrV0ZTODsbWqyaFa2xLbpwGCJChqMDqpumhVNfXjWvVAslc0OGdzohIW%2Fufm4Ai1g%2Bbn5o8FWg5HUJqI12Vlp80UoFc6QYeOkNyZCcbPQt8tppHbI3EeWgIX25kXOk%2FUPdTKqFSCOqDgcKWP7TrEwfWP0fV1BFex1TjIhUTeCndeTU5sxAXtSaU9qNqKx0Qc11MwuBOlFm2qRqqkmRjzDmmzADhw5%2BZ8UG02YLAasZkhLzsLGj1wticchwRNwmJ84TyxvjggzFZvS9cxpjmB5WbbPHWSPpPimqqQKvqfS7ijiP11O9C30OEsHC78VBLnFZh%2FnDobeN&nvMid=29030296586&catId=50000248
Apple 아이폰 13 프로 맥스 512GB [LG U+],"1,321,000원",https://cr.shopping.naver.com/adcr.nhn?x=fBWcC3yknVDjHTcpXHF5Af%2F%2F%2Fw%3D%3DsKYGhRTAe9m3ULTrXfNHEvXpLUEzh6S0CaoBb2MQTAmthJz9H0Ub4KLvuVTVtNMxMqSXyGjzGVk47uTTeFpDzjd1Xs1hpPKZLfR7b0SHXrfbQZGPyMZ6esCpdzLQ4TybrlJyub5fqiTC3j2tkvIOEgci30QtKP1mA7BYZPpxeJLexWvZfe2todmJfmpbNrXnqC8G1K0WqC%2BMx%2Bsb%2BJ3EYX7ix7jXt7MNVc9AIu4EfDZlNEwRr%2B3STfYHGn%2FB5b3e4h969bC1i6%2Fw7CfmI0GVqP9FDr%2B0gwF5FERDGjQpuIhpD4P%2Bj2CVvS6QkrpszyaIoCuwrUM2Vi5bq9fxYHuPhKbDvqW0AUQQYgUeV3U5BJ1m%2BrYjj1rljEAxvTi5bvWsbnuI%2B1Uju%2BRLjWLfBBmiitCN2SpOnJ%2BLQ1VAlepxrmH7cEUMk%2BYg0ZV3bZSl4pTyypOVXrumE0IYWoVbuYGHPlT4OngYKgyg9ZO2oWjkSR%2BrV%2FYr%2Bs30Lb7e1asgYvYb8Dk5yE3l1CIhgE97RznNBm0yqOQp5S6zvj2nGzC%2BV8RFsho5CvJ%2BLWvmwkrLDXCJqDWrhHEcp0p%2F%2FKKziu53PdJMhHgdddXbp1qM38znS%2FdLGkh1BdZ4Rg5RuKbGbtHMiy1Vhq%2FH77x9Zlr1IFzyuow%3D%3D&nvMid=29030181590&catId=50000248
Apple 아이폰 13 프로 1TB [LG U+],"1,426,200원",https://cr.shopping.naver.com/adcr.nhn?x=Aid90%2BvmH%2FzrEA45su2pqv%2F%2F%2Fw%3D%3Ds1xQwiTpFxVGmbxgXf9uf4AhVoHPaSbVTrO0pqawcLhdhJz9H0Ub4KLvuVTVtNMxMUX9Ss0Vb%2BY4CLfnryu%2FdG91Xs1hpPKZLfR7b0SHXrfbQZGPyMZ6esCpdzLQ4TybrlJyub5fqiTC3j2tkvIOEgci30QtKP1mA7BYZPpxeJLexWvZfe2todmJfmpbNrXnqXjTaYLCBU0RKnrlIKcfhorix7jXt7MNVc9AIu4EfDZlNEwRr%2B3STfYHGn%2FB5b3e4h969bC1i6%2Fw7CfmI0GVqP9FDr%2B0gwF5FERDGjQpuIhpD4P%2Bj2CVvS6QkrpszyaIoCuwrUM2Vi5bq9fxYHuPhKZrE1PN%2FQmLdj1qxYRuv8UcZ2q5O8JLe1s3F7Yt9z6cynuI%2B1Uju%2BRLjWLfBBmiitFHrqzn2uDMx9fSm7VRv%2FpsGVJjQOIMS03m13YAnzFDQpOVXrumE0IYWoVbuYGHPlT4OngYKgyg9ZO2oWjkSR%2BrB%2FDJCOEMt67pAoo8Ur8ApQbJE2qH6sAOiEA%2FCWTmW%2B9DUKkfOS6PLJDcjWC%2FhbxVlOA%2BoI%2F5EnF9h3LJwPkcG1W%2BfrCsViFxcA2Q%2B8AdjW63BTeGjuUcxF5xMvC1vJUwDfkLIyuldBS3f8m8e6nLmzUhNzs2VE%2B%2Bisqs3JAEppg%3D%3D&nvMid=29030294586&catId=50000248
Apple 아이폰 13 프로 맥스 1TB [LG U+],"1,580,200원",https://cr.shopping.naver.com/adcr.nhn?x=8h2v7PNNweWqg%2FKVuNzHDP%2F%2F%2Fw%3D%3DsWX0nMGObWAdnHJgd0Ta3Rqob346F4%2FYiDAkI%2FOjnnhphJz9H0Ub4KLvuVTVtNMxMovCKlEzSryumh3XvS3RRHd1Xs1hpPKZLfR7b0SHXrfbQZGPyMZ6esCpdzLQ4TybrlJyub5fqiTC3j2tkvIOEgci30QtKP1mA7BYZPpxeJLexWvZfe2todmJfmpbNrXnqtEOmvpx%2BMqvJh%2Birm3Rmqrix7jXt7MNVc9AIu4EfDZlNEwRr%2B3STfYHGn%2FB5b3e4h969bC1i6%2Fw7CfmI0GVqP9FDr%2B0gwF5FERDGjQpuIhpD4P%2Bj2CVvS6QkrpszyaIoCuwrUM2Vi5bq9fxYHuPhKXZP9xk4RUdLmF%2FLpx8cNQa903HiOsGQqEi63pKWMdiJnuI%2B1Uju%2BRLjWLfBBmiitLy9VXoFixJ1kHnvUte9QY96K503jBTFiO%2BslOwbxo4OpOVXrumE0IYWoVbuYGHPlT4OngYKgyg9ZO2oWjkSR%2BpfZ5NSLzQ16v7Ns2qbx0o0ocw36emOWauNlqG7SEpRs0sZ%2FFof9Fvo4Q%2B9cWSMUxUITTUpRhLSdv1yUzHFV%2FuPYnHIcETcJifOE8sb44IMxXSarAz92MLzmpVrqaZLbW5jqcBVnlgyrGM%2FqIdfgpV5DhLBwu%2FFQS5xWYf5w6G3jQ%3D%3D&nvMid=29030181587&catId=50000248
Apple 아이폰 13 mini 자급제 128GB 핑크,"900,890원",https://cr.shopping.naver.com/adcr.nhn?x=pB4Jz8u9ilW8%2BScrH%2BC5tP%2F%2F%2Fw%3D%3DsWxPsqdNMhu93DmW2d8023fas9RBFZgwXtHoD%2FW3kiyQbsBKbbjTB%2BBCjsLv6tz%2BjLN%2FR%2FKOaByPmcHLbgBqhID0MGJDGditfTu7XCtts4efLy0oZxes9FVOT8P6NSSMcXLDXhxOlC%2BLPEt5wtKzRaXULJJH%2BMKqMyaVu%2BUeO3m60%2B85WmSKK5LY2dJjcChMGEH%2BAaYhDPzU3ewm5W9RQFdZvC7h88OrTsd6pZT12o8hoCkj07qdDsSAIfJ4r0cnfE8Sq47jeI0NlqEn6ftOJSbS5nP%2B8vPWPfSBwfu8dRnWWfzuwn%2BNC0gQrwV%2FCskpY%2B%2BjLlpiZ6HIoqFdw40evZt9%2BKy%2Fm0d%2BgYWHtEf61Jo4AUk0tbEb%2BPaAR8Zvsauh4fgLl%2BLqSNuiuLo%2BLIh6oJ%2FxjdfAByrfag8RBXm2A3MFXfqiCwBtPYYwEdSt6i2JAFzzHx3gdCC0WZk2%2B52CBuMADw5jjKNTjABrjV9rfa2IJYq2oTMcSZCfks52RD10qZu4C4QxzR8Lg1KBZKrR%2Fsb4%2FZIMlHPJzHco0%2Bo3KsywK9jdfcH0xpqoXRt2Y6fO%2BIiM%2FrDOpkm95Bfxnh%2BM6c7Ze4uC3fPlCjugRDuk9Xh3L07boOLwoxL6IajskM%2BfZYFOSqJWZyaIt59z9csZ22SsgWoDQyiXSiM22O1KIkTnNjqh%2FZemCCOboDhnweAmG&nvMid=29619937553&catId=50001519
Apple 아이폰 13 자급제 256GB 핑크,"1,193,100원",https://cr.shopping.naver.com/adcr.nhn?x=%2B8DIcs2tjL5P8feXkik8j%2F%2F%2F%2Fw%3D%3Ds%2Bc%2FD3wTvYYyPxHw%2FGyLkC%2BS%2BpXv5AFLDstuPeWk3ogVWQE1WikGGRjsm7ORTamZ70bxGg5HlTB9x0wN0GV4Yw8rD5PZNTgAdnn8O8odeRPhfC2dEGQF72bW1kvWo0M9OJ2XQkbJm0IldS5PV6nvpy3zmYN%2Fcvl75AGnByk2TjWEm5OY6%2FBA05LWPXaqTF3xXnI3Q%2FuFm111yFJnQ1iq5B%2BLVKHEOPeUzp6G3G8y7cPMTE6TRToSEVySvtEbiNvsO1hRNazCV8BPjgKe6iIEVFsTiDKukfC2Ba0TLkahMuqS9JPC2lt7YY9BVrRqULfO1M2U%2BDYNnloniBRpi1B5SvlVd6Z%2BmZ5fvTALbBBPmfKLmnGLANk9TjQtjOEdf9xG%2FZVcIf%2FhGkh9wN8Wj79GPkj2M3mI0cjzy%2FkCMStsf8pC9fzZjkiWz1wt4EO7UvJkHn3VnMtw%2Ft8n%2F3SP6DRdVGEtB7vhOx0nxSI7ZizhQJ8uN4%2FbarDGulZ7nI%2BlTukuYpaHrlKJRtRM8UZBL9u2NElI04xLKCjpZJZvy9oe4zy0PTwQXW8IQSfKE4NwvCw7qHTwGfMzCgjeOTfY7xlYNGOYQsU7TtARBhTKL6TvT1FPpcWAR46GqWP3G4%2BFRj9k%2FqY20f4kZBEYiXXSrSlWCam9TZjqEQTAbFzUBl8432wvhVEAf6wwM5tqtSh0bB5Hx&nvMid=29064755783&catId=50001519
아이폰 Apple 아이폰13 미니 128GB 구매가 34만원,"346,000원",https://cr.shopping.naver.com/adcr.nhn?x=nlqVS18o%2B4nWT5AWJiAr1f%2F%2F%2Fw%3D%3DspIpiatzyW5duLdZJJTZapsuhqLfP6tIJVzFYkvuH7WsbsBKbbjTB%2BBCjsLv6tz%2BjEozo%2FUAaTL%2F1jH%2FcomrYq9op1ilg1z2VjtM6dQNiMQzLy0oZxes9FVOT8P6NSSMc7HoVm0ycJeaH6WluHrdtGcm3HByBnqyoQudlQvAroBzp33dwRCAzI0IZ9nyD5tkE9Z0ohABIGWTnPESfCqaNS%2BcTbWOJMcLI8OfdbuhEpTGLTwxDpW%2BKTeJIMvqTROFJZXOj9WGo5ybPz0ODFj%2FgO8HPv45Edr5fvvv%2FlTzZa4VEOnKSk6pZmBmpZwGZXBEN7pWb6YR9xt5qBre3h4GtG8e9j9TM33g7MivnAbc9%2BID2HKOOrntlrnLuTWVKYX8oQD8or24LvxJDDf%2B2eXUN4KsGE4uyxhKsa2R7hguA1VVQeJWTMIP4PBReD9IXadXJR9Oa7zQ8%2Bz8wE%2BGcjPLmq543gFdERqdtrM3RGPdM3JsIAXnINLy7CIdpYYQj138RojJRlRGtc5g9X%2BAIDSmNoNPC%2BCT%2FHw3M0jn9GSIbLoppENE%2FgGJ0MxFp4zMeIS%2FLqUC%2FdI5DkJqpCrB9Dl%2BDo%2B%2BbUomooOtfgcc1jZkhk5CCqA6%2BrrPkSkQjk3bFq%2FUy&nvMid=29860284145&catId=50001519
아이폰13 프로 128GB 자급제 새상품,"1,084,680원",https://cr.shopping.naver.com/adcr.nhn?x=VeW959GFM2T9vVMmqWXG4f%2F%2F%2Fw%3D%3DsWTisOhZD13U%2BvvIQqSZMAQu0GHELfq9r0%2Bjq3O8sYe1hJz9H0Ub4KLvuVTVtNMxMcNWIrtnpwi5ltvpjFxr8Ad1Xs1hpPKZLfR7b0SHXrfbQZGPyMZ6esCpdzLQ4TybrRJXTPDLrYyj9hxPoZI06ne0JZ4vKXq2xVuFay0gNbwiO%2FsdgQE5FIA0Tw1QMogpFahRXrD%2FlgDeP3XzGaF4plHiEUnRor1N0lrGxfjpcDiEEcPGu9vOsN%2FF3xMujTfzWM2U%2BDYNnloniBRpi1B5SvlVd6Z%2BmZ5fvTALbBBPmfKLmnGLANk9TjQtjOEdf9xG%2FXjUr8B46aUUikfR7tK28VN56e8FhialbFpMXVc68wrH1weJu5wrfvRUFgIuwANioquXF2QazMuMMLWzvCX%2F9I5ga96vkTny6QqegmA7aLt4Ygf7gnUc0%2FBs9zRCLMr9FN%2BZoh9NK0jLdXoOfMpEtczulBXMG7WVUNNGPsx5675c70L8%2BwVy5ZCYiwMH9HJQXJ4y1L9zL6XIiziOazdHtonwJeXbnU6mZaLN%2BXPYoRZxNZsI3KXiZ9XcFcs9ROS5ZacJc8HocQ0hEjaPYGdQ038cgIRCk8vtGb7Z%2FKGMSEdE%3D&nvMid=30078558865&catId=50001519
Apple 아이폰 13 mini 자급제 256GB 스타라이트,"1,056,200원",https://cr.shopping.naver.com/adcr.nhn?x=Vfp4fTpqW%2BYFAA2mjqOsF%2F%2F%2F%2Fw%3D%3Dswo1gAAVOTUbAaLgnMOWl%2BSdHhWaA6Eaaqfrf%2F74pryVWQE1WikGGRjsm7ORTamZ7685v5PMAmGSSuYR%2FXyWrKcrD5PZNTgAdnn8O8odeRPhfC2dEGQF72bW1kvWo0M9OJ2XQkbJm0IldS5PV6nvpy3zmYN%2Fcvl75AGnByk2TjWEm5OY6%2FBA05LWPXaqTF3xXnI3Q%2FuFm111yFJnQ1iq5BxkZ7hw%2FtxVhT2jrdwZs57w8raodeRGijf43Qw88OofKoWO4v68%2BEs27ItjMqCoc%2Fhrt4JMenQXuEMAeojVWpXfDt2M4qNrVUWcGYALwLcYHM2U%2BDYNnloniBRpi1B5SvlVd6Z%2BmZ5fvTALbBBPmfKLmnGLANk9TjQtjOEdf9xG%2F9g0SZulb80hDKHiXwxHX7T2M3mI0cjzy%2FkCMStsf8pC9fzZjkiWz1wt4EO7UvJkHTs5g0dljgRZ2nfcoLc7W60tB7vhOx0nxSI7ZizhQJ8uN4%2FbarDGulZ7nI%2BlTukuYR6LHkW4HERjxr6Asf%2BUX4UAstQWw8%2FXALV7cmSzF7BBXpycH7JYwLLGPXute%2FyKuL3aXMZghk2CNFMEpXJGpCOpM5e4yf1iff7YGZPH9wqrCkd2CpQ%2FahgJeoF%2FR72TupGU%2B2SyoeK55gjMUAvSsiq7c6ATY%2FNYS85VNRQf8haFWhZ3SMHTcLlpircdRzUgq1JIslBmdxaTx7xO1%2BPPoWw%3D%3D&nvMid=29056389772&catId=50001519
아이폰13 프로 맥스 256G 미개통 미개통 새상품,"1,384,510원",https://cr.shopping.naver.com/adcr.nhn?x=Su0H%2FSwyqQpzsZiTQDFdh%2F%2F%2F%2Fw%3D%3DsiG5%2Flt7ULpc3K%2Frpv5mi16MqMBK3TjmFAiugI1gi8p5hJz9H0Ub4KLvuVTVtNMxM9SEpVz3tNnqrUH5FJ1t%2B0t1Xs1hpPKZLfR7b0SHXrfbQZGPyMZ6esCpdzLQ4TybrRJXTPDLrYyj9hxPoZI06ne0JZ4vKXq2xVuFay0gNbwiO%2FsdgQE5FIA0Tw1QMogpFA4r33slsA5imjhCz459kwkYtHz55npaheKFGTCSDXFAEcPGu9vOsN%2FF3xMujTfzWM2U%2BDYNnloniBRpi1B5SvlVd6Z%2BmZ5fvTALbBBPmfKLmnGLANk9TjQtjOEdf9xG%2FDJEWs%2F6vinpVcb4HYLALoN56e8FhialbFpMXVc68wrHjYL9zupFN69A4V0%2FYKWCfoh%2BzRVOPzou4IoMuOjoFnpga96vkTny6QqegmA7aLt5L%2B0q3iVWjGFcgKg503tQXTb0ZfQc4yP%2B%2FzkeZ5PjtFNUuZExiqn05O7Tee9vRH9M7pQVzBu1lVDTRj7Meeu%2BXODuCuqb8moBcCoFWZ%2FG0ntI7x%2FukdCtqFlFv%2Fse46ah8CXl251OpmWizflz2KEWcb4BWbuLw%2BxODhiKnuLyo85pmbeH4nLPqoDhyCvOWNRDHICEQpPL7Rm%2B2fyhjEhHR&nvMid=29564863115&catId=50001519
Apple 아이폰 13 자급제 128GB 블루,"1,057,300원",https://cr.shopping.naver.com/adcr.nhn?x=r7IU63%2BiFYwaxWJDOzZuR%2F%2F%2F%2Fw%3D%3DstTsuqm4hh5G1ICELv%2FZkbPiOSpH4JHuMtgTMXrHe6b8XfmlaZeQqomjdtI9e3qsm7eNjsGymH0%2FvDxbHIrvET1ewEC4UiIgpslPWZsLFF1XyE8HykKr9rZn8yirNXw3VNONPz3sWzDMnYBzUtsa4y8FHZ6YjirkEyx0YsOhRCZckyuYW9oo962E4ptNomafyXZKFBRaDzCdwBv8PKcQ%2FEO4jhB7%2Fdw2WgWZlPgC%2BxZFyqmGoufS6k2ZWLIfG2EausIV3%2BUZnuG6tyNx2Iy6wfdv9zw9hgkffa%2BzL%2FkpHhNsn3XON2T25Fdz93nn4UIq4M8OkYitpuK2na6nToNpF%2BLngnxQ7ssMZd09T0OjyjIxearTBvydD1LUI3JWpCADIg61HY6hTvHv2LV8KmhfXeMwbTEAr1wVvO2n0AgOB91JsXg5lUvZD9zC7Fi9WJJOHecFg1zlqPtTXba9wzyfxgtSXUxvoKYPFHUCS1w8lsqdBrensRLLQnAkMWBGYELbNMGaOHdZOou2YwhPTLsIfSayfV%2BVAeikbDRMa6LtWZwskHs9JSOyUE0tbQFz42S8fA3dT9fMsSP8vdahwwOtYxWU3N0kWCShHUw4vdlvoRYXUAvZWr6WkrjXN%2BJjT9IwRnvJUP75g5E7p6C852pDudFdznR4EhPC6BI08fc6TT2xWkbDrUFJ2hBG8QaB8WVzn&nvMid=29619782067&catId=50001519
아이폰13 프로 맥스 128G 자급제 새상품,"1,222,680원",https://cr.shopping.naver.com/adcr.nhn?x=bi1OeQm95NJsjj2MAshTeP%2F%2F%2Fw%3D%3DsSx7xAhhmHhajlpKaSKZm6uiPXjHcrIR9IOVeKF77yfZWQE1WikGGRjsm7ORTamZ7xb7O%2BTVDxO8CxmZH2PlLE8rD5PZNTgAdnn8O8odeRPhfC2dEGQF72bW1kvWo0M9O7R9Q3EhS8EBKM7h%2Ba4gL1LD9cbDzdvBhYP28y8rhu4mr9N9rARz1GwL8SD%2B61y0r4ltXSqsGgnCU62h42cEmfBByu8hxmzofrp%2FNhLVSIfMn3XON2T25Fdz93nn4UIq4M8OkYitpuK2na6nToNpF%2BLngnxQ7ssMZd09T0OjyjIxearTBvydD1LUI3JWpCADIXICC4Q51U%2FoN9aWKUakJ7l2tT2AG9M5jxdXEaCkbHF1JsAxu7cjmXTWUlr4yS0wxXTO907Ug9vavt%2F825lZdG1b70xOLoOcyBJcCpDzeWLlZyG6DRbX4tInAoCdY0XbbVeWESHNIVa3qZ1WQe5nf3dzFrL1%2B4NNxNnoULjqszzkmG47iFX6DjrhbfSVemAQcTHzQNPavr24Ao9wVd1e28sKR3YKlD9qGAl6gX9HvZO6y7NvkQ8ZL%2BEBHzPzPoYH6VUph089KW03%2FkKstPdAlQVaFndIwdNwuWmKtx1HNSCrUkiyUGZ3FpPHvE7X48%2Bhb&nvMid=30078645988&catId=50001519
Apple 아이폰 13 mini 자급제 256GB 핑크,"1,057,300원",https://cr.shopping.naver.com/adcr.nhn?x=IHCnE6Jd%2BqyHEJSxbBHXKf%2F%2F%2Fw%3D%3DsrCVZe9OqfCT1jBnBQBAR9wyGF2LmLNQcX91dlyLv4fthJz9H0Ub4KLvuVTVtNMxMDbYgDyjPYh7dctS5%2FjxgaN1Xs1hpPKZLfR7b0SHXrfbQZGPyMZ6esCpdzLQ4TybrlJyub5fqiTC3j2tkvIOEgW3JzeXxkSdTecfUR4%2FvRQjd%2BKwjnmE8nmku4yNhWgwhmfLAARyRl0caaiEG3Q2bq9D4xCf1yKuZGZlWoMqRNxTp2ELNkX%2BvBMqEEJUG%2FxZYQnhwNsmOtDpWoXU74lX43aK5uUEs%2BqMGnIyvfnClDLBfUfeOu67JOWNCbcVdOPLXysl%2FAJAuvT%2Bjd2dxoufzm8v%2BjB2erv%2BZ%2Brrs5VHOiTRLlIk0uAh1LVcUK1nkYRMYwFSUfskEV08%2B%2B6xtALTsZV4pNDnLoaa56Ox1Vt7ar0kMbh6%2FL4zXePrhRg6eFPIZV%2BhUJO6TFLQy5j31fMgHvz6FURihOvVNK6%2BarovFEXabeybS%2FJS7KxefviT1VQ9NfautRqz2yMzaqu%2FpWkHH0NjWcyu%2B1us0999duapJ4kfBut%2FiS9yMbJC5e0qD%2FRmdmGvDBBdyPjdjoqXOuqaq4HTdfYcCf0xi%2FD16G7IQTuIaIbT4wPT2RVq4kndhIVrUchxyuJtyCEL1XnRW3rkNACf5j%2FoOl5UhvofKSoZ8sM3LVWGr8fvvH1mWvUgXPK6j&nvMid=29064819083&catId=50001519
아이폰 13 자급제 128GB 스타라이트 MLPG3KH/A,"1,057,300원",https://cr.shopping.naver.com/adcr.nhn?x=a8%2FXxG2AvWzrsJ8v%2F2GMXf%2F%2F%2Fw%3D%3DsM%2F%2FK0MO0ysrjXY746Frm1OvT5n6MVVTeTAkqj21%2B0tphJz9H0Ub4KLvuVTVtNMxMCrdTNnQlmuKlqU0Cendqrt1Xs1hpPKZLfR7b0SHXrfbQZGPyMZ6esCpdzLQ4TybrRJXTPDLrYyj9hxPoZI06neOmWAc4mSnKWcXf9cA8e%2F9a1%2BcsP1qOUacbPJ7D0%2Fi%2FswSyzjGOJrRlupD7Am12Z7hVVtOx0F07HUohNQg9n8a8bhT1NN2YMQKOmB0ubhMWBV7e2IVwQcc6G0qXRZDNBdQ1c6B2iTV3vUmOykJX4A5JMjIAACgTReecrYY2qEl5M2U%2BDYNnloniBRpi1B5SvlVd6Z%2BmZ5fvTALbBBPmfKLmnGLANk9TjQtjOEdf9xG%2FWRhUPr2%2B%2F0rnxZ2aHoYH%2BO%2F9swosOqQ03wXw3qf7h9rjYL9zupFN69A4V0%2FYKWCf7eCT%2FcgVr0m26%2FE5XGbBopga96vkTny6QqegmA7aLt6sgnGhdgvNsN9wvgsXe7uEo6rP67kSeDZNBqy%2BinDl4dKyxitxcffERlT%2FBpmNbq3vj8e7sugChMtFV1SFEon1cWON3ePw35jXTdMJneffYnTdfYcCf0xi%2FD16G7IQTuIaIbT4wPT2RVq4kndhIVrU7bW%2BlRTsRQGCfMhvJGHuSX76uAmNm93Wn8rrZVCIxwPLVWGr8fvvH1mWvUgXPK6j&nvMid=29063953020&catId=50001519
아이폰 13 자급제 128GB 핑크 MLPH3KH/A,"1,046,727원",https://cr.shopping.naver.com/adcr.nhn?x=YIIP4mm0XGFnYy47g98EEf%2F%2F%2Fw%3D%3Dsg7Ag69W4dtvR6Vjqz3RYtA3bdcp8TvKftkJHWjGhopgbsBKbbjTB%2BBCjsLv6tz%2BjA6%2Fi6lONp5RmPf5wJCC%2F0K0P350ZABwkMSFsMq5aeaDLy0oZxes9FVOT8P6NSSMc7HoVm0ycJeaH6WluHrdtGXCmjomTCfccIxWbx2Xshhmig%2BHNPcXun0BGYcBoypJ8%2FjFdrkpzuJsCSZcCb2m1S5022jDzndHaTQni21kAxWQqs8FI7PXXYjZcp%2FrPY3q3ttL9uhYa5SgY92RIBZWuA%2FAbhfqs1phrdTb2OYv%2F4LWhnccn8nfjGYIKw5sHLX1IYyOdB2cv3C1dnUsj0EtB4RCGSQdcrj%2BZJHLmJxgT%2FbsFbfqvhBmyFER%2BD7e%2BrtE2zMhikWNGmqhkWe58EdP1zfnpCNh5wN2DAACW90mmFCbjYL9zupFN69A4V0%2FYKWCfIKT81z1aa1Tlx5gY%2BwDj6Jga96vkTny6QqegmA7aLt6sgnGhdgvNsN9wvgsXe7uEy3Pats7g6Ltkphr9FCCPF798qNwMwF6sgn5n8DvXcf85l%2BhgVGkdyrlo5Dw5Kwb1EMR0FEiqvOWRjecWtpVNUavtUBvfoSsQPvEM6ZWUZTpzqdR%2FcDYnJE8BFdALbxgfuMbQGWxlv2xXA7yYVUQ9ygN%2BQsjK6V0FLd%2Fybx7qcubNSE3OzZUT76KyqzckASmm&nvMid=29609866919&catId=50001519
아이폰13 256자급제 (무료 견적 받아보기),"262,000원",https://cr.shopping.naver.com/adcr.nhn?x=%2BMAP1EIdxUvbdDVKeJlYwf%2F%2F%2Fw%3D%3Ds3aziNtHXb0BWL5y%2FkCtaklkghoGG62lfdW70ZWBxeAlhJz9H0Ub4KLvuVTVtNMxMdhLXttZ%2BKwZ0lTQrRk2Cut1Xs1hpPKZLfR7b0SHXrfbQZGPyMZ6esCpdzLQ4TybrRJXTPDLrYyj9hxPoZI06nYyil6f0dwoBKIEuTYszDH9pE5fbdMzTPsS2e5epsl4g1Ll3TmYBbtCFneKNowh5UC702W8Q%2BfyHogFExhLAVBao2VvxewV82R1dGXO2kW%2FCVhF3l8Emrmz7tKlGsUHzz2vqR2unsG9Pw6XBns%2FftjJmn%2B6FVZ%2Fm0w7K7lHYQAO7sC0mCrxz5FiU%2BYqRKBFR7S%2Bzfbk5T2zifcnaFtA2UVrjYL9zupFN69A4V0%2FYKWCfjyFE0D338NQWk%2BiPtWLNXpga96vkTny6QqegmA7aLt7d9Qf%2BHgtA3tOCv5644ak1ZF0qKES4m0x%2BBXcaBU6a02N7pcAZKtbk2BU17zajwa1dnvoolkKVNouiKxvFitIQqyxwKXO%2F7FqIItkiIsIDB%2BYQsU7TtARBhTKL6TvT1FMEbqFaj33w1q0oyQTikt0fKMZZgSruHqfgMeh0mDIuDm9TZjqEQTAbFzUBl8432wvhVEAf6wwM5tqtSh0bB5Hx&nvMid=29142406050&catId=50001519
